{"stats":{"minecraft:picked_up":{"minecraft:raw_iron":14,"minecraft:nether_brick":1,"minecraft:wheat_seeds":1,"minecraft:netherite_sword":1,"minecraft:bone_meal":1,"minecraft:sugar_cane":3,"minecraft:cod":1,"minecraft:cobblestone":105},"minecraft:used":{"minecraft:glass":7,"minecraft:water_bucket":75,"minecraft:cobblestone_stairs":17,"minecraft:iron_block":1,"minecraft:grass_block":37,"minecraft:gray_carpet":1,"minecraft:light_gray_carpet":1,"minecraft:copper_block":2,"minecraft:stone":8,"minecraft:beacon":1,"minecraft:wooden_shovel":1,"minecraft:torch":34,"minecraft:diamond_block":1,"minecraft:dirt":130,"minecraft:cobblestone":16,"minecraft:emerald_block":7,"minecraft:green_concrete_powder":7,"minecraft:andesite_stairs":19,"minecraft:netherite_pickaxe":119,"minecraft:stone_stairs":18,"minecraft:gold_block":1},"minecraft:mined":{"minecraft:iron_ore":14,"minecraft:stone":105},"minecraft:dropped":{"minecraft:nether_brick":1,"minecraft:netherite_sword":1},"minecraft:custom":{"minecraft:time_since_rest":22091,"minecraft:sprint_one_cm":29671,"minecraft:damage_taken":160,"minecraft:walk_one_cm":65164,"minecraft:drop":2,"minecraft:damage_dealt":10,"minecraft:interact_with_beacon":2,"minecraft:fly_one_cm":475664,"minecraft:crouch_one_cm":4606,"minecraft:play_time":58193,"minecraft:deaths":5,"minecraft:sneak_time":3304,"minecraft:walk_under_water_one_cm":38169,"minecraft:jump":218,"minecraft:leave_game":8,"minecraft:time_since_death":22071,"minecraft:walk_on_water_one_cm":15939,"minecraft:total_world_time":58193,"minecraft:fall_one_cm":2579}},"DataVersion":2975}