{"stats":{"minecraft:used":{"minecraft:andesite_wall":20,"minecraft:green_concrete":9,"minecraft:glass":471,"minecraft:netherite_sword":2,"minecraft:water_bucket":75,"minecraft:flower_pot":18,"minecraft:cobblestone_stairs":17,"minecraft:green_wool":1,"minecraft:lantern":47,"minecraft:iron_block":1,"minecraft:grass_block":91,"minecraft:light_gray_carpet":2,"minecraft:gray_carpet":1,"minecraft:copper_block":2,"minecraft:stone_button":64,"minecraft:oak_sign":13,"minecraft:andesite_slab":28,"minecraft:stone_slab":73,"minecraft:stone":11,"minecraft:wooden_shovel":1,"minecraft:beacon":1,"minecraft:gravel":7,"minecraft:cobblestone_slab":35,"minecraft:barrel":57,"minecraft:torch":34,"minecraft:dirt":130,"minecraft:sand":28,"minecraft:diamond_block":1,"minecraft:cobblestone":22,"minecraft:emerald_block":7,"minecraft:netherite_pickaxe":119,"minecraft:andesite":6,"minecraft:cobblestone_wall":16,"minecraft:andesite_stairs":19,"minecraft:green_concrete_powder":28,"minecraft:stone_stairs":18,"minecraft:gold_block":1,"minecraft:stone_brick_wall":10,"minecraft:splash_potion":114},"minecraft:custom":{"minecraft:time_since_rest":14829,"minecraft:sprint_one_cm":104805,"minecraft:walk_one_cm":210500,"minecraft:damage_taken":287,"minecraft:mob_kills":2,"minecraft:drop":2,"minecraft:damage_dealt":255,"minecraft:interact_with_beacon":2,"minecraft:swim_one_cm":2477,"minecraft:fly_one_cm":1170941,"minecraft:open_barrel":6,"minecraft:open_chest":3,"minecraft:crouch_one_cm":9625,"minecraft:play_time":179408,"minecraft:deaths":6,"minecraft:sneak_time":7399,"minecraft:walk_under_water_one_cm":120923,"minecraft:pot_flower":15,"minecraft:jump":893,"minecraft:leave_game":18,"minecraft:walk_on_water_one_cm":22763,"minecraft:time_since_death":14809,"minecraft:total_world_time":179408,"minecraft:fall_one_cm":3206},"minecraft:dropped":{"minecraft:nether_brick":1,"minecraft:netherite_sword":1},"minecraft:killed":{"minecraft:zombie":1},"minecraft:picked_up":{"minecraft:golden_helmet":1,"minecraft:raw_iron":14,"minecraft:wheat":5,"minecraft:potion":1,"minecraft:nether_brick":1,"minecraft:lantern":1,"minecraft:tnt":1,"minecraft:rotten_flesh":2,"minecraft:cooked_cod":6,"minecraft:stone_axe":1,"minecraft:wheat_seeds":1,"minecraft:netherite_sword":1,"minecraft:heart_of_the_sea":1,"minecraft:iron_ingot":15,"minecraft:bone_meal":1,"minecraft:emerald":8,"minecraft:sugar_cane":3,"minecraft:iron_sword":1,"minecraft:cod":1,"minecraft:cobblestone":105},"minecraft:mined":{"minecraft:iron_ore":14,"minecraft:stone":105}},"DataVersion":2975}