{"stats":{"minecraft:killed":{"minecraft:parrot":1},"minecraft:mined":{"minecraft:coarse_dirt":16,"minecraft:grass":1,"minecraft:coal_ore":21,"minecraft:grass_block":2,"minecraft:oak_log":1,"minecraft:melon":3,"minecraft:gravel":1,"minecraft:sand":5,"minecraft:dirt":25,"minecraft:stone":142},"minecraft:dropped":{"minecraft:feather":2},"minecraft:custom":{"minecraft:time_since_rest":10754,"minecraft:sprint_one_cm":6079,"minecraft:walk_one_cm":10243,"minecraft:mob_kills":1,"minecraft:drop":1,"minecraft:damage_dealt":106,"minecraft:swim_one_cm":7299,"minecraft:fly_one_cm":112725,"minecraft:open_chest":5,"minecraft:crouch_one_cm":236,"minecraft:play_time":10754,"minecraft:sneak_time":565,"minecraft:walk_under_water_one_cm":23554,"minecraft:jump":65,"minecraft:leave_game":1,"minecraft:walk_on_water_one_cm":25931,"minecraft:time_since_death":10754,"minecraft:total_world_time":10754,"minecraft:fall_one_cm":836},"minecraft:picked_up":{"minecraft:coarse_dirt":30,"minecraft:sandstone":14,"minecraft:feather":2,"minecraft:gravel":1,"minecraft:fire_charge":3,"minecraft:flint":1,"minecraft:golden_axe":1,"minecraft:oak_log":1,"minecraft:dirt":147,"minecraft:cooked_salmon":4,"minecraft:flint_and_steel":1,"minecraft:tnt":3,"minecraft:cooked_cod":4,"minecraft:diamond":4,"minecraft:heart_of_the_sea":1,"minecraft:iron_ingot":8,"minecraft:gold_ingot":8,"minecraft:melon_slice":13,"minecraft:obsidian":3,"minecraft:iron_sword":1,"minecraft:coal":7,"minecraft:cobblestone":179},"minecraft:used":{"minecraft:oak_log":1,"minecraft:chest":2,"minecraft:dirt":2,"minecraft:netherite_pickaxe":210}},"DataVersion":2975}