{"stats":{"minecraft:killed":{"minecraft:zombie":1},"minecraft:mined":{"minecraft:iron_ore":14,"minecraft:stone":105},"minecraft:dropped":{"minecraft:nether_brick":1,"minecraft:netherite_sword":1},"minecraft:custom":{"minecraft:time_since_rest":88042,"minecraft:walk_one_cm":149299,"minecraft:damage_taken":160,"minecraft:sprint_one_cm":78088,"minecraft:mob_kills":1,"minecraft:drop":2,"minecraft:damage_dealt":160,"minecraft:interact_with_beacon":2,"minecraft:swim_one_cm":2477,"minecraft:fly_one_cm":927359,"minecraft:open_barrel":6,"minecraft:open_chest":2,"minecraft:crouch_one_cm":7241,"minecraft:play_time":124144,"minecraft:deaths":5,"minecraft:sneak_time":5324,"minecraft:walk_under_water_one_cm":65676,"minecraft:pot_flower":15,"minecraft:jump":625,"minecraft:leave_game":12,"minecraft:time_since_death":88022,"minecraft:walk_on_water_one_cm":21173,"minecraft:total_world_time":124144,"minecraft:fall_one_cm":2579},"minecraft:picked_up":{"minecraft:raw_iron":14,"minecraft:potion":1,"minecraft:nether_brick":1,"minecraft:lantern":1,"minecraft:tnt":1,"minecraft:cooked_cod":6,"minecraft:wheat_seeds":1,"minecraft:netherite_sword":1,"minecraft:heart_of_the_sea":1,"minecraft:iron_ingot":15,"minecraft:bone_meal":1,"minecraft:emerald":8,"minecraft:sugar_cane":3,"minecraft:iron_sword":1,"minecraft:cod":1,"minecraft:cobblestone":105},"minecraft:used":{"minecraft:andesite_wall":20,"minecraft:green_concrete":7,"minecraft:glass":25,"minecraft:water_bucket":75,"minecraft:flower_pot":18,"minecraft:netherite_sword":2,"minecraft:cobblestone_stairs":17,"minecraft:lantern":47,"minecraft:iron_block":1,"minecraft:grass_block":85,"minecraft:gray_carpet":1,"minecraft:green_wool":1,"minecraft:light_gray_carpet":2,"minecraft:stone_button":64,"minecraft:copper_block":2,"minecraft:andesite_slab":28,"minecraft:stone_slab":43,"minecraft:stone":11,"minecraft:gravel":1,"minecraft:beacon":1,"minecraft:wooden_shovel":1,"minecraft:cobblestone_slab":35,"minecraft:barrel":57,"minecraft:torch":34,"minecraft:sand":28,"minecraft:diamond_block":1,"minecraft:dirt":130,"minecraft:cobblestone":22,"minecraft:emerald_block":7,"minecraft:netherite_pickaxe":119,"minecraft:andesite":6,"minecraft:cobblestone_wall":16,"minecraft:green_concrete_powder":28,"minecraft:andesite_stairs":19,"minecraft:stone_stairs":18,"minecraft:gold_block":1,"minecraft:stone_brick_wall":10}},"DataVersion":2975}