{"stats":{"minecraft:used":{"minecraft:glass":7,"minecraft:torch":34,"minecraft:water_bucket":62,"minecraft:cobblestone_stairs":2,"minecraft:dirt":130,"minecraft:cobblestone":16,"minecraft:emerald_block":7,"minecraft:grass_block":19,"minecraft:gray_carpet":1,"minecraft:light_gray_carpet":1,"minecraft:andesite_stairs":3,"minecraft:stone_stairs":3,"minecraft:stone":2,"minecraft:beacon":1},"minecraft:custom":{"minecraft:time_since_rest":210,"minecraft:crouch_one_cm":1224,"minecraft:play_time":32174,"minecraft:sprint_one_cm":13301,"minecraft:deaths":1,"minecraft:walk_one_cm":27019,"minecraft:sneak_time":1936,"minecraft:walk_under_water_one_cm":38169,"minecraft:drop":2,"minecraft:jump":117,"minecraft:leave_game":3,"minecraft:walk_on_water_one_cm":15939,"minecraft:time_since_death":190,"minecraft:interact_with_beacon":2,"minecraft:total_world_time":32174,"minecraft:fall_one_cm":209,"minecraft:fly_one_cm":422173},"minecraft:dropped":{"minecraft:nether_brick":1,"minecraft:netherite_sword":1},"minecraft:picked_up":{"minecraft:wheat_seeds":1,"minecraft:netherite_sword":1,"minecraft:bone_meal":1,"minecraft:nether_brick":1,"minecraft:sugar_cane":3,"minecraft:cod":1}},"DataVersion":2975}