{"stats":{"minecraft:used":{"minecraft:glass":5,"minecraft:water_bucket":62,"minecraft:dirt":130,"minecraft:stone":2},"minecraft:custom":{"minecraft:time_since_rest":20185,"minecraft:crouch_one_cm":661,"minecraft:play_time":20185,"minecraft:sprint_one_cm":11171,"minecraft:walk_one_cm":15864,"minecraft:sneak_time":937,"minecraft:walk_under_water_one_cm":9923,"minecraft:drop":2,"minecraft:jump":67,"minecraft:leave_game":3,"minecraft:walk_on_water_one_cm":13468,"minecraft:time_since_death":20185,"minecraft:total_world_time":20185,"minecraft:fall_one_cm":209,"minecraft:fly_one_cm":325757},"minecraft:dropped":{"minecraft:nether_brick":1,"minecraft:netherite_sword":1},"minecraft:picked_up":{"minecraft:wheat_seeds":1,"minecraft:netherite_sword":1,"minecraft:nether_brick":1,"minecraft:sugar_cane":3}},"DataVersion":2975}