{"stats":{"minecraft:picked_up":{"minecraft:raw_iron":14,"minecraft:nether_brick":1,"minecraft:wheat_seeds":1,"minecraft:netherite_sword":1,"minecraft:bone_meal":1,"minecraft:sugar_cane":3,"minecraft:cod":1,"minecraft:cobblestone":105},"minecraft:used":{"minecraft:andesite_wall":20,"minecraft:glass":25,"minecraft:water_bucket":75,"minecraft:cobblestone_stairs":17,"minecraft:lantern":11,"minecraft:iron_block":1,"minecraft:grass_block":73,"minecraft:gray_carpet":1,"minecraft:stone_button":64,"minecraft:andesite_slab":28,"minecraft:light_gray_carpet":1,"minecraft:copper_block":2,"minecraft:stone_slab":43,"minecraft:stone":9,"minecraft:beacon":1,"minecraft:wooden_shovel":1,"minecraft:cobblestone_slab":35,"minecraft:torch":34,"minecraft:diamond_block":1,"minecraft:dirt":130,"minecraft:cobblestone":18,"minecraft:emerald_block":7,"minecraft:cobblestone_wall":16,"minecraft:andesite":3,"minecraft:green_concrete_powder":25,"minecraft:andesite_stairs":19,"minecraft:netherite_pickaxe":119,"minecraft:stone_stairs":18,"minecraft:gold_block":1,"minecraft:stone_brick_wall":10},"minecraft:mined":{"minecraft:iron_ore":14,"minecraft:stone":105},"minecraft:dropped":{"minecraft:nether_brick":1,"minecraft:netherite_sword":1},"minecraft:custom":{"minecraft:time_since_rest":46091,"minecraft:sprint_one_cm":40818,"minecraft:damage_taken":160,"minecraft:walk_one_cm":105098,"minecraft:drop":2,"minecraft:damage_dealt":10,"minecraft:interact_with_beacon":2,"minecraft:fly_one_cm":638454,"minecraft:crouch_one_cm":5494,"minecraft:play_time":82193,"minecraft:deaths":5,"minecraft:sneak_time":4008,"minecraft:walk_under_water_one_cm":38169,"minecraft:jump":316,"minecraft:leave_game":8,"minecraft:time_since_death":46071,"minecraft:walk_on_water_one_cm":15939,"minecraft:total_world_time":82193,"minecraft:fall_one_cm":2579}},"DataVersion":2975}