{"stats":{"minecraft:used":{"minecraft:water_bucket":18,"minecraft:dirt":20},"minecraft:custom":{"minecraft:jump":15,"minecraft:time_since_rest":6000,"minecraft:crouch_one_cm":29,"minecraft:sprint_one_cm":1915,"minecraft:play_time":6000,"minecraft:walk_on_water_one_cm":5561,"minecraft:time_since_death":6000,"minecraft:walk_one_cm":5045,"minecraft:sneak_time":315,"minecraft:total_world_time":6000,"minecraft:fall_one_cm":209,"minecraft:fly_one_cm":176816},"minecraft:picked_up":{"minecraft:sugar_cane":3,"minecraft:wheat_seeds":1}},"DataVersion":2975}